month,food,travel,shopping,bills,income,total_expense
2,4216,1869,4414,8935,29982,19422
3,5730,3742,3998,7704,29676,20918
4,3655,2969,2938,6371,28690,15545
5,3908,3202,2893,7624,39916,17419
6,3789,1896,4566,8972,27017,19617
7,5828,3295,2491,7581,26552,19244
8,5723,3695,3277,7265,34489,20059
9,3312,1666,3271,7905,35322,16101
10,3264,1899,3691,5321,44571,13783
11,4830,2828,4800,8684,33256,20732
12,4980,3609,3683,6241,30460,18833
1,5471,3077,2573,6916,42503,18481
2,4959,2842,4758,5788,27433,18241
3,3779,2165,4843,6078,25556,16962
4,4699,3912,3138,8201,37747,20221
5,4842,2360,4874,8459,30331,20820
6,5808,2652,2059,5281,41174,15319
7,5157,1664,2174,5893,29167,14770
8,5386,1654,3732,8540,46298,19324
9,5520,1996,2997,5168,34993,15422
10,3024,2461,4745,7601,25693,17589
11,3491,3051,4759,5188,39359,16938
12,4053,2053,3337,8117,48876,17510
1,3447,1522,4855,7719,46433,17908
2,4737,3876,4236,5264,36535,18118
3,4440,1603,3951,5043,30710,14964
4,3702,1887,4943,8870,39421,18984
5,5438,2570,2682,5435,49900,16206
6,4437,2991,3155,8634,35524,19294
7,5492,2364,3471,6490,38028,17588
8,4078,3734,2596,5584,36420,16184
9,5529,2422,2790,8451,46647,18917
10,3221,1548,4972,7681,25696,17182
11,5643,3609,2839,7748,38859,19942
12,4586,3587,4157,7588,45991,20305
1,5701,3609,4542,6118,33108,20389
2,5375,3441,2374,5161,30892,16040
3,4641,1661,3985,7345,42213,18081
4,5206,1709,4097,7654,37786,18380
5,5993,2807,2120,7780,40179,18536
6,4079,3527,3439,8397,45292,18986
7,4395,2632,4039,5251,37746,16411
8,4466,3558,3000,6972,47638,17629
9,3968,2801,4535,7866,30221,19090
10,4318,2767,4504,5873,49447,17067
11,5504,3191,2944,6680,44377,18372
12,4914,3901,3510,5682,28035,18089
1,4504,3032,4082,6432,48969,17985
2,5576,2755,3904,7518,28459,19994
3,3175,3323,3694,6784,44575,16945
4,3054,3773,3958,5743,43028,16045
5,3434,2241,4457,6915,27193,16595
6,4460,2537,2670,7343,38404,16615
7,3668,1579,3797,6607,28489,15566
8,3568,1695,3098,8530,32963,17248
9,3768,2011,2042,5914,48856,13269
10,3775,1996,2367,6466,49734,14422
11,5534,2568,2383,8144,25450,18364
12,4171,1563,2800,5454,29777,14139
1,3858,3277,2686,8391,29142,18547
2,5052,3000,4077,7422,29441,19830
3,4121,2475,3857,8971,37582,19326
4,3640,3430,3550,7397,40373,18274
5,4488,3596,4460,7543,40463,19616
6,5121,3956,4589,7951,25262,21662
7,4757,2639,2232,5359,37621,14661
8,5002,3913,3928,6867,33435,20058
9,3707,2882,4572,8604,42873,20171
10,3679,1578,4700,8028,49887,17909
11,4157,2060,2965,8948,38344,18571
12,3654,2430,3543,6474,49568,15671
1,4012,1817,4325,6740,41185,17170
2,3510,3115,2393,7956,45244,16832
3,5520,2219,4628,7590,36888,19696
4,4844,2975,3239,7024,31503,18014
5,3708,3602,2661,6143,25457,16610
6,3088,3670,4687,6994,46247,18218
7,4457,2302,2105,5507,39889,14042
8,3563,2174,3985,5331,44454,14985
9,3026,3689,3936,6696,41515,17013
10,4201,3580,4503,5106,25367,17208
11,4828,2918,3129,5628,37041,16327
12,3438,3754,2001,8860,29021,18233
1,3401,2847,4323,6523,35830,16702
2,3331,2346,4836,8614,43764,18901
3,5842,3546,4928,7569,28763,22239
4,5407,1797,2846,7847,46439,17725
5,5674,3839,4996,7608,31980,22136
6,4697,2098,2520,5886,38189,14982
7,3675,3730,3391,7075,28652,17568
8,3576,2439,2520,8649,47571,17645
9,4151,2972,3188,8607,34854,19255
10,5414,3232,3019,7057,42259,18807
11,3233,3047,4314,7752,33931,17894
12,3918,3759,2336,5302,31061,15434
1,5257,3371,4695,7761,37185,21043
2,4954,2160,4566,7238,36440,18506
3,4597,3140,3835,6751,27360,17913
4,3290,2603,3639,6406,40895,16341
5,4035,2732,3143,8200,49834,18470
6,3355,3451,4190,5253,38243,16418
7,3377,1929,3244,5674,48361,13971
8,5554,3397,3103,5051,26957,17494
9,4183,3857,3130,6710,35626,18059
10,4887,2865,4344,6342,48055,18573
11,4249,3736,2675,6246,33396,16968
12,4127,3210,4197,7651,48884,18688
1,4331,2506,4830,6024,49656,17620
2,4586,1805,4350,7216,38988,18136
3,5725,3138,4137,7240,45676,20549
4,3404,3929,2890,5879,26809,16404
5,5273,3385,4831,5162,31330,18776
6,5707,2108,3304,6208,35942,17556
7,3522,2777,4553,8661,37078,19961
8,4686,3986,2363,7444,28421,18946
9,5936,3236,2267,8104,44270,19411
10,5400,1916,3241,5901,27826,16238
11,4045,3080,4274,8326,32426,19230
12,4775,1911,4707,7565,33717,19085
1,5964,1512,3411,7679,37025,18738
2,3367,2535,4408,7375,45748,17746
3,4406,3122,4078,8064,29595,19818
4,5008,3257,3788,5686,48524,17530
5,5644,1516,3350,8098,40390,18498
6,3240,1856,2563,7435,41425,14754
7,5697,1879,4298,8391,38792,20512
8,3090,2587,4938,6621,42215,16815
9,4489,2263,4983,6507,32033,17896
10,5218,3843,3121,8081,45681,20355
11,3726,1616,4628,8870,34998,19091
12,5205,3442,2813,6074,48196,17247
1,3629,2334,3427,8567,41471,18338
2,4683,1885,4456,6669,45515,17658
3,4247,3634,2256,5212,30385,15320
4,4002,1774,2874,7697,33067,16210
5,4947,1828,3116,7507,37472,17580
6,3946,3452,2236,5495,49414,14828
7,5770,3802,3697,7321,41831,20320
8,3903,3482,4761,8699,44892,20488
9,4135,3505,3655,8718,33260,19523
10,5732,3784,3461,7495,40298,20136
11,3079,2875,3126,6152,42003,15441
12,4744,1808,4093,6935,35576,17472
1,3799,2643,2173,7318,25256,15900
2,4580,3729,2642,8375,43928,19250
3,3769,2544,2652,6672,39236,15766
4,3142,3385,4867,5183,26291,16254
5,3883,3875,3662,8565,34113,19680
6,3419,3930,3614,5730,25277,16248
7,4267,3756,2600,5890,42556,16013
8,5607,2235,3779,7202,38467,18882
9,5340,2674,4217,6439,33531,18998
10,5964,3688,3622,7758,34919,20782
11,5760,3358,3793,8578,29205,21635
12,5399,3268,4248,7923,34993,20533
1,3833,3151,3504,7442,43376,17678
2,5054,2906,2465,7858,45759,18625
3,3406,2896,2949,8565,34689,17824
4,4672,1868,2250,7482,28584,16535
5,3662,3537,3021,6121,44034,16203
6,4891,2569,4277,6302,36681,17701
7,5152,1959,4588,6998,25432,18445
8,3723,2118,4492,8434,35307,18527
9,3811,3498,2236,8132,46504,17695
10,4381,3805,2283,7210,30293,17601
11,4374,2864,2526,8869,36426,18759
12,4867,2479,2237,7717,28124,17418
1,5194,3757,2977,5410,41483,17767
2,5500,2321,2251,6653,42399,16524
3,3625,3457,3564,5045,47715,16124
4,5830,3441,4925,5343,44884,19766
5,3871,2909,4520,6808,28183,18520
6,4567,2050,3782,7626,40827,18192
7,3437,2343,3108,6737,38824,15628
8,5866,2996,2258,6232,41833,17083
9,3631,2963,3074,5569,29710,15610
10,3487,1760,4658,7005,26747,16574
11,5028,3178,4934,7358,29394,20968
12,5704,3349,2228,7621,35188,18952
1,5916,2210,4352,7772,32631,20488
2,5129,3411,2334,8357,35291,19606
3,4042,2616,4843,5570,37715,16604
4,4551,2561,4166,7131,30410,18844
5,5409,3611,3137,6050,34450,18098
6,3083,1991,2204,6750,48662,14047
7,3442,3357,2389,7126,27639,16673
8,3519,3892,3263,8262,31954,18680
9,4041,1515,4776,8327,26784,18405
10,5508,3817,3518,5664,47266,18177
11,4136,2185,4124,5539,45813,16227
12,3521,3039,3095,5348,32093,15189
1,5819,1829,2428,7831,43176,17912
2,4323,3985,4983,8141,34771,21347
3,5323,3407,3660,8390,32904,20794
4,3520,1949,4512,5695,27779,15654
5,4298,1914,4997,5329,26702,16241
6,4156,3838,4422,5706,30406,18464
7,4768,3747,3446,5255,34623,17063
8,5022,2081,3279,6537,43111,17049
9,5115,2688,4888,5936,27544,18391
10,4277,2457,4650,6408,45771,17757
11,3887,1565,4014,7854,49615,17526
12,4994,2625,3504,8181,26176,19585
1,5476,3336,3204,5006,33547,17390
2,5615,3530,3808,5210,41016,17764
3,5533,2762,4515,5627,27255,18402
4,4527,2157,2788,5373,29551,14424
5,3402,3085,4230,8648,40491,19424
6,5376,2255,2371,7544,47907,17852
7,4842,2557,3220,6256,45710,17275
8,4269,2371,2358,6095,48970,15411
9,5883,1745,3255,8278,33765,19580
10,4689,2424,4509,8418,48294,20334
11,5484,3310,4361,8642,45214,21451
12,3227,3384,3267,6221,49960,15764
1,4699,3841,2431,7327,38274,17993
2,5248,2000,3555,6527,33540,17344
3,5846,3091,3337,8959,40145,20918
4,3403,1989,2264,7624,29633,15196
5,3861,1536,2447,6625,37027,14159
6,4115,2506,3245,7201,37659,17039
7,4663,3510,2274,5307,28966,16034
8,5068,3599,2069,7647,29318,18000
9,5239,3795,3504,7077,33714,19301
10,4869,2578,3802,6951,45488,18391
11,3612,3925,2316,7762,45413,17597
12,4934,2582,4897,5284,47301,17324
1,3535,2492,2629,7788,47704,16633
2,4165,3816,2212,7825,43509,18505
3,3344,1575,4340,7064,28521,16698
4,4406,1726,2745,8069,29661,17137
5,4437,3450,2159,7499,47847,17063
6,3791,3830,3051,6683,40026,17854
7,3860,1578,4116,5553,42409,14611
8,3152,2579,2966,7519,26291,16142
9,5887,2773,2133,8995,25908,19587
10,4559,1593,3660,5488,47154,15634
11,3823,2087,2440,7370,30218,16206
12,4319,2017,2483,7264,49738,16189
1,3528,2417,3135,6345,47682,15686
2,5645,3749,3086,7833,28228,20022
3,3383,2626,2097,5785,42548,14350
4,5224,1853,3115,7716,35668,17471
5,4013,2793,4498,5748,42296,16714
6,4966,2298,4373,8137,37195,19576
7,3780,2073,2304,5999,36943,13776
8,3553,3292,3691,7995,36700,18728
9,3535,3942,2249,8472,29731,18302
10,5443,2981,2378,5220,49618,16140
11,4590,3959,2857,6108,34930,17675
12,4747,1969,4331,8958,38203,19528
1,4646,2347,2865,5232,38766,14790
2,3846,3447,4977,7547,33727,20106
3,5246,2363,3962,7761,41691,19090
4,5050,3682,4240,5439,37839,18605
5,4347,2524,4502,7526,43345,18546
6,3938,2646,2090,7984,40671,16778
7,3316,2847,4526,8227,47659,19409
8,4772,2876,2003,5214,42236,14769
9,3131,1998,2494,5019,35806,12143
10,3489,2173,4616,6977,45572,17238
11,5003,2587,3471,8058,26365,19257
12,4109,3130,2389,5719,49338,15377
1,4387,2221,4081,6195,31251,17143
2,5056,2495,3198,5018,37430,15679
3,4311,3627,3568,7422,26389,19147
4,5539,1607,4969,8571,45730,20626
5,4520,2018,3140,8500,45336,18291
6,5671,2449,3634,5039,49153,16694
7,4261,2811,2752,6858,32748,17023
8,5588,3662,2126,5866,25471,17667
9,4539,2894,4873,7492,30508,20176
10,3981,2745,2620,7763,34370,17412
11,4378,3272,2936,5505,30248,16462
12,4907,3683,3543,8885,35629,20564
1,3262,1965,2585,6251,39150,14307
2,4490,3458,2558,7815,37470,18107
3,5311,1835,3099,8536,47293,19118
4,5734,2037,2697,6663,37333,17439
5,5644,1872,2209,7880,25120,18100
6,3104,1943,3478,8795,47926,16978
7,4453,3242,3186,7963,31707,18518
8,4070,2443,2179,5260,43933,14280
9,3969,2296,3220,7685,25485,17090
10,3989,2755,2140,5129,45757,14508
11,4524,3949,4680,8306,31201,21299
12,4226,2007,3010,6792,29593,16176
1,3037,2729,4270,6623,32917,16994
2,5312,3347,3098,5282,41026,17156
3,3500,3866,4682,7801,42171,19506
4,3289,1866,3621,5667,32704,14068
5,5848,3667,2597,6587,28271,18502
6,5039,3920,3635,8907,38584,21133
7,3649,3754,4549,8283,42216,19781
8,3152,3340,2289,7696,41883,16466
9,5865,3725,3116,6239,31242,19200
10,5059,2671,3874,7828,49042,19120
11,4655,3906,2026,5941,29075,16279
12,4087,2547,4648,6068,44528,17495
1,5977,1768,4840,6380,33517,19025
2,4495,2254,4696,5125,33377,16386
3,3409,2478,3544,8434,35424,18197
4,5626,2246,3373,7654,34235,18988
5,3716,2650,4610,6833,28365,17896
6,3144,2578,2964,5968,43162,15039
7,3491,3611,4275,6990,37051,18034
8,4130,3778,3174,5729,30291,16746
9,4863,2575,4673,7790,39018,19682
10,3347,1814,4761,5876,34868,15738
11,3785,2875,3486,6475,42382,16442
12,4524,2093,3446,7745,35032,17422
1,5758,3158,2162,5571,41524,17072
2,3178,2684,3501,5699,32347,14735
3,5003,2830,2291,5977,37084,16567
4,5886,3022,3669,5933,27296,18175
5,5889,1875,2176,7162,36784,17541
6,3297,3750,2194,7905,30307,17314
7,3344,2998,4046,5202,46029,15777
8,3123,2971,3665,7269,42034,17516
9,5830,2793,4393,5599,38654,18498
10,4440,3855,2767,6002,28695,17480
11,5601,2176,4726,5184,42575,17727
12,4112,2923,2424,6937,49359,16247
1,5392,1947,3704,6038,38021,17565
2,4368,3195,3617,7457,41900,18531
3,5502,3249,2206,6979,39741,17486
4,3506,3068,2648,7043,36791,16145
5,5261,3056,2616,5722,38560,17000
6,4798,3505,2444,6963,48066,17949
7,3293,2097,3182,6103,39573,14448
8,5618,3034,2118,6813,25071,17587
9,5200,2789,4238,7165,28469,19581
10,5372,1792,2033,6619,29249,16000
11,3142,3749,3509,5049,32879,15939
12,5863,3627,4533,5870,42596,20182
1,5784,2415,2011,6383,47286,16620
2,5697,2607,2083,8130,44781,18486
3,3485,3468,3915,5511,45288,15971
4,4264,3551,3478,5659,27927,16834
5,3014,1646,4380,6066,48376,15253
6,4047,1841,3898,8994,48894,18685
7,4130,3605,3386,7516,39105,18326
8,4598,3386,2100,8856,30488,19036
9,5178,2226,4546,6903,39087,18474
10,4206,1965,2223,8183,25277,16393
11,5317,1522,4848,6161,43096,17720
12,3072,3124,3055,7686,29830,17260
1,3943,3684,3791,5841,35939,16965
2,3213,3764,2673,5911,43254,15929
3,3945,2410,4050,8265,33840,18748
4,4063,2925,3617,5484,43926,16486
5,4646,3264,4767,7222,44536,19976
6,3332,2397,4653,5935,39583,16358
7,3049,2696,4861,5862,43663,16518
8,3536,2854,3876,5913,33109,15766
9,3535,3649,3561,6385,38644,16988
10,4180,3273,4105,6393,44421,18320
11,4306,2780,3867,8725,32403,19904
12,3095,2216,4524,5012,42720,14495
1,4741,2966,4367,5703,36092,17585
2,4193,1711,4902,7391,37222,17782
3,3821,3285,3275,7912,28016,18307
4,3814,2146,3333,6661,32055,16418
5,4963,3470,4908,5118,29824,18722
6,5330,2073,2201,5313,27740,15405
7,5233,2480,2449,7353,37852,17228
8,4968,3780,4689,6157,37377,19743
9,3044,3106,3578,8922,31665,18994
10,4860,3065,3557,6575,46432,18342
11,3188,1583,4958,8176,25848,18124
12,3468,3913,3137,6453,30673,16961
1,3119,3459,4227,6879,31392,17753
2,3060,2670,2290,5874,42264,14303
3,5633,3534,2555,7862,40587,19805
4,5020,2794,2836,7833,49426,18786
5,4644,2061,4799,8348,26315,20122
6,5414,3219,4180,5814,44824,18383
7,3860,3914,4053,8902,45664,20778
8,5772,1902,4488,5702,44166,17502
9,5812,1730,4185,6066,35813,18179
10,5921,1530,2525,5093,33423,15366
11,5543,2065,4148,6350,36069,18578
12,5734,2757,3857,7853,41291,20349
1,5817,1800,3224,6989,43441,18190
2,5134,2380,4413,5702,28780,17334
3,3612,2070,4490,8237,30907,18456
4,4005,3008,4406,5127,25523,16270
5,4179,2068,2412,7440,25371,15958
6,5751,1984,2580,7353,37936,18086
7,4093,3380,2541,5200,47602,15033
8,3506,3148,3600,6012,44687,15807
9,3160,2790,3414,7305,26058,16802
10,3401,3876,3372,6278,35115,17073
11,4933,1737,4040,7032,35465,17810
12,4335,3854,2377,8988,40862,19908
1,3412,2695,2449,8033,33736,17018
2,4020,2040,3005,7386,43744,16542
3,4516,2959,2400,6270,48053,15712
4,3412,2388,4876,5857,26428,16534
5,5163,3758,3000,6272,45154,18656
6,5287,3173,4478,8261,48341,21194
7,4519,3880,2258,5727,31134,16469
8,5705,1503,3549,7126,25465,17974
9,3183,2796,3100,7851,37534,16980
10,5047,3708,3461,5754,39959,17977
11,5429,2440,3087,5079,39926,15680
12,5261,3495,2937,5689,38712,17721
1,3303,3364,2777,8190,44086,17195
2,5748,2912,2919,6922,34310,18455
3,4623,3020,3896,8704,44783,20119
4,3119,2917,3944,8755,49695,18488
5,5292,2633,3121,6729,29638,17867
6,4238,2107,3156,7897,41744,17049
7,4887,3053,4562,5787,43268,18101
8,5634,2006,3288,5132,30444,15813
9,3397,2603,4636,7645,44336,17905
10,3487,2042,2899,8974,40008,17254
11,3570,1693,3043,5972,25029,14148
12,4527,3943,3006,6112,30610,17637
1,5911,2997,3373,8403,46164,20545
2,3382,1713,3976,5224,39261,14523
3,4641,1550,2030,6652,49881,15363
4,3999,1568,3614,5873,32119,15201
5,5032,3444,4745,5103,42632,18037
6,3844,2144,3237,8032,49482,17505
7,3054,2687,4104,7441,25427,16951
8,5318,2816,3403,8211,42915,20024
9,4580,3150,4902,7948,46366,20897
10,4389,1614,3887,7327,33580,17692
11,4167,3259,3749,5908,41811,16771
12,3282,1887,2398,8557,26275,16505
1,3122,2788,3290,5266,32292,14564
2,3146,2146,3196,5173,28332,13239
3,4365,3863,3538,5580,48090,17284
4,4312,2990,3081,5170,31953,15649
5,5473,3079,3431,5481,27538,17367
6,5566,2974,3444,7908,41576,20110
7,5471,3754,4245,7670,48564,20919
8,4161,1780,2783,6344,27469,14902
9,5759,3115,3156,5692,28230,17766
10,5297,2553,4358,5633,37250,17674
11,4710,3485,4463,6229,38140,19125
12,3298,3856,3689,6524,29140,17535
1,5142,3857,4776,7637,29598,21417
2,4880,2174,4947,6608,40462,18639
3,4222,3886,3212,6930,32677,18680
4,5804,1742,3605,7771,41316,18521
5,3809,2024,2682,7315,41898,15986
6,4236,2989,4721,6532,38888,18489
7,4025,1573,3492,5729,25969,15090
8,3037,3138,2421,7100,46200,16070
9,4049,2335,3306,8176,47678,17727
10,4813,3154,4607,8274,29000,21302
11,4435,1943,3425,5540,31874,15709
12,3153,1820,2394,8549,30507,15538
1,4141,3307,3840,6997,46363,18654
2,3427,2798,2870,8605,31339,17903
3,4211,2641,3755,5323,46776,15698
4,5609,3977,2051,8295,27319,19819
5,3849,3871,4212,8064,48574,19911
6,4715,2057,3476,6992,47541,17207
7,4719,2017,2509,6376,25478,15379
8,4408,2146,2191,7573,26464,15919
9,3912,2596,4101,5309,47995,15467
10,3470,2492,4835,8693,40955,19653
11,5068,2231,3110,6529,38624,16842
12,4216,3111,2686,6724,37865,17220
1,4712,2494,3425,5411,46060,16173
2,5967,1912,4145,8134,38082,20119
3,3508,1689,4077,5891,46195,14757
4,5904,2551,2279,7586,33210,18215
5,5840,3686,4919,8736,26565,22841
6,3518,1505,4183,7762,39870,17453
7,5560,3888,3340,8816,39045,22015
8,3172,2638,2334,6179,38933,14030
9,4987,3263,2884,5521,36775,16952
10,5916,3723,4470,6855,49075,21275
11,4854,2704,3295,6791,36426,17188
12,5127,3920,3561,5752,40008,17963
1,4990,2783,2607,6671,32748,17077
2,3619,3971,3929,8683,46971,19998
3,3304,2529,4463,6682,37385,16492
4,4062,2647,3812,5499,47375,16293
5,5058,3319,2514,8023,36524,19228
6,3750,3389,4179,5569,29606,16406
7,3224,1804,3389,7168,30221,15367
8,5884,3016,2205,5510,30988,16270
9,5732,3603,4085,8486,34978,22326
10,4276,1875,3354,6151,35005,16065
11,4635,1502,4622,6463,27789,17200
12,3235,2904,2571,5748,26281,14060
1,3105,3490,4233,6704,37864,17494
2,4887,1876,2148,7130,44828,16311
3,3128,1819,4061,5645,33185,14497
4,4607,3392,2454,5531,28458,16105
5,3840,3544,3198,8389,43122,18927
6,4411,2892,4633,5040,36179,17347
7,4502,2414,3019,6364,32577,16339
8,4442,3073,3439,6710,42255,17945
9,5255,3504,4081,5965,42142,18826
10,5727,3582,3374,6314,34302,19277
11,3449,3990,4060,8964,43082,20818
12,5252,3170,4722,8147,47899,21001
1,5792,3998,2183,8074,42188,20544
2,3484,3124,3715,8826,43852,18773
3,4787,2549,2052,7509,37628,16886
4,4287,2571,3926,7713,26687,18928
5,4652,3812,3411,8841,35935,20598
6,3102,2950,3475,6869,44836,16154
7,5747,2692,2568,5240,35957,16403
8,5251,2336,4890,8811,42629,21064
9,5876,2053,3260,5256,39364,16328
10,4513,2547,3459,8628,42496,19285
11,5625,3927,4260,6004,43034,19440
12,4018,3731,2455,8290,27041,18664
1,3924,2849,3362,5654,38289,15565
2,5762,2169,2200,7494,41175,17252
3,5089,2964,4489,6861,29725,19261
4,3926,2416,3491,8939,27530,18326
5,4800,2172,4860,6163,28008,18087
6,3098,3656,2221,7240,33833,16405
7,3003,2530,4645,7488,39263,17573
8,5510,2143,2962,6395,28056,17154
9,5325,2714,3478,6382,34964,18102
10,4827,3479,2342,8118,35923,18991
11,5786,3560,4369,6109,31718,19431
12,3139,3466,3818,8831,49245,19633
1,3839,3196,2031,7354,44188,16861
2,5180,1971,3609,7248,49524,17792
3,3885,3309,4945,8341,31932,20010
4,3997,2489,3031,8573,49444,17839
5,4127,2708,3799,6161,40810,17233
6,5051,3818,2840,5323,44227,16954
7,5359,2585,3806,6150,43663,17792
8,3100,2049,4909,5832,48908,16096
9,5158,2851,4872,5573,41281,18099
10,3224,3643,4831,5953,43565,17560
11,3757,3562,4167,6093,31005,17085
12,4575,2962,4165,6548,36650,18579
1,3578,3502,2113,8462,38598,17826
2,4996,3163,4436,7641,49549,20681
3,4682,1685,4247,8325,47492,18510
4,5505,2624,2807,6529,47285,17519
5,4670,2363,3910,7250,27679,17775
6,3560,3339,3219,6109,25067,16430
7,4064,1580,2141,7309,42327,15108
8,4811,3863,3802,6504,37487,19262
9,4761,2646,3136,8855,41900,19167
10,4250,1516,2124,6655,49268,14925
11,3062,3338,2298,8802,32232,17600
12,4646,2177,2273,7939,28378,16760
1,3973,2894,2866,7506,42233,17145
2,5210,3976,3999,7875,26835,20849
3,5444,2300,2969,6054,36740,16374
4,4955,2607,4367,5327,34913,17717
5,4829,3292,3214,6309,31660,17285
6,3004,1701,4986,6268,40114,15897
7,5832,1971,3379,5659,45047,16591
8,3100,3768,3973,6689,35810,17973
9,5799,1882,2122,5656,36681,15563
10,5455,2681,3218,7617,32301,18530
11,4192,3975,2347,7548,47748,18539
12,4347,3636,4362,8512,30709,20641
1,3988,2255,2957,5561,28162,15090
2,3492,3830,3611,5804,31512,16498
3,4528,2085,3454,5349,27475,15091
4,5076,1731,2907,8494,40352,18531
5,5559,3866,2855,8865,27794,21160
6,4697,2425,2322,5345,25616,15084
7,3917,2511,2489,7965,30544,16591
8,5601,2147,4002,8096,37700,19800
9,4189,3279,3445,6942,39979,17869
10,5953,1807,4749,7042,42654,19350
11,4649,3272,4564,6070,36284,18454
12,3161,3699,3477,5235,25389,15702
1,3402,1615,3424,5733,32705,14536
2,3658,2154,3585,8064,28884,17202
3,3381,2504,2987,6397,39117,15536
4,3303,3282,2975,5498,49722,14803
5,5997,2832,2224,7647,29221,19091
6,4442,3919,2327,6491,33081,17324
7,5446,3633,4946,7496,37452,21297
8,4244,3793,2205,7001,41188,17248
9,5412,2032,2633,5228,41897,15720
10,5775,3012,4692,6669,27497,19966
11,4680,2773,2457,8055,43971,17552
12,5824,1817,4371,6142,42675,18450
1,3438,2289,2576,5130,40586,13457
2,4768,3776,2708,6371,32551,18091
3,4290,3838,2621,5992,46533,16891
4,5817,3373,2008,5089,30884,15899
5,5286,2015,2610,7120,49325,17455
6,4445,2353,4884,5205,44831,17307
7,4883,3658,2199,5630,37049,16564
8,5981,3677,4475,7690,39003,21422
9,3800,3636,4308,8425,30109,20502
10,4357,2966,2980,8996,25929,19035
11,4695,2641,2636,8615,31546,18202
12,4482,3381,2912,7393,33991,18101
1,4987,2093,3143,7181,28808,17628
2,3306,3788,4988,5025,39379,17479
3,3028,2694,4624,7843,45191,18500
4,5794,3104,3893,6631,26373,18947
5,5914,2639,4676,6009,39131,19486
6,4813,2059,3272,5283,31410,15178
7,3991,1768,3963,7934,40822,17852
8,4849,2155,4216,6959,38589,17900
9,4257,3554,2391,8232,37571,17970
10,3134,2987,4064,7989,28866,18630
11,4888,3992,2001,6376,32463,17718
12,4569,2314,2602,5866,47294,15737
1,4190,1839,2488,6003,41556,14575
2,5675,1860,2359,6230,39987,16556
3,5936,3013,4888,5517,48426,19588
4,3867,1981,3052,6967,48371,16037
5,3135,2635,4540,8813,37553,18960
6,5050,3017,2851,8314,36935,19089
7,4323,3963,4164,8925,33459,21444
8,5275,3654,2145,5730,33002,17249
9,5381,2423,3263,7556,26873,18708
10,3321,3588,2594,5249,29173,15212
11,4430,3802,3679,6396,30950,18076
12,4948,2628,4673,7313,42137,19169
1,5201,3576,2435,8475,34338,19666
2,5310,3971,4629,8230,28268,22206
3,5733,2791,4817,7945,26012,21572
4,3091,1778,3377,5728,28806,13529
5,3539,2881,2148,6832,41179,15647
6,5159,2678,2271,7662,45483,17488
7,5615,2578,2169,8603,25125,19005
8,5225,1848,2351,8723,40764,18510
9,3317,3903,4217,8277,46868,19890
10,3814,3099,2310,7218,41724,16020
11,4994,2857,3195,5718,47062,17051
12,3261,2538,2535,7379,29608,15322
1,3247,1570,2886,8395,38464,15820
2,4277,2614,4345,5319,25844,16794
3,5282,3869,4839,6623,43492,21082
4,4375,3826,3104,6703,30975,18068
5,3325,2206,4359,7631,41322,17684
6,5816,1667,3125,7242,35118,18347
7,4489,2920,3925,7144,44366,18171
8,4328,2112,3093,7315,33666,17300
9,3319,1570,4906,8549,47277,18815
10,3989,2703,4178,8052,40480,18434
11,5527,3849,4134,8054,43747,21671
12,4235,2887,2658,8339,33512,18534
1,5671,2860,2638,8481,43743,19172
2,3137,3055,3822,6798,43153,16821
3,3210,3400,2193,6690,41090,15951
4,3568,2968,2485,5618,36006,14764
5,5053,3824,3852,7338,42808,19710
6,4217,2183,2978,8617,26041,17802
7,3805,1736,3553,6664,25260,15603
8,3697,1723,3843,8263,46279,17584
9,5988,3841,4700,6341,37067,20644
10,4352,2862,3146,7755,43106,17730
11,3341,2393,3858,8683,42731,18527
12,5819,2183,3119,8951,39449,20041
1,5548,1778,3633,7052,32742,18487
2,4846,3713,3662,5223,31879,17744
3,4987,3753,2850,5953,46184,17131
4,4142,3282,3783,6136,36867,17413
5,5551,2408,3599,5744,42327,17765
6,4417,3450,3393,5712,48214,17132
7,4313,2743,2254,8167,42686,17782
8,4311,2444,4863,6404,44411,17887
9,5569,1539,2248,6310,39723,16088
10,3612,3645,2539,6998,40346,17042
11,5012,2959,3915,8524,28306,20422
12,3515,2452,3822,7271,40474,17488
1,3848,3021,3688,5691,29788,16500
2,5422,1905,4641,7485,38539,19415
3,3373,2692,4827,8615,28742,19258
4,5031,2213,4390,8541,37239,20294
5,5490,3399,4845,8597,45108,22123
6,5225,2372,4090,6574,36140,18276
7,5648,3527,2756,8336,46078,19961
8,3677,2530,3152,7700,45853,16617
9,3633,2993,3760,7374,34612,17309
10,4831,1839,3251,8430,45694,18558
11,5972,1969,2356,6549,49130,17286
12,5268,2268,4524,7243,29576,19341
1,3809,2279,2908,7088,48073,16415
2,3480,1596,2247,6309,35847,13283
3,3349,3062,3019,6861,40825,15967
4,3969,3505,3689,8417,41532,19197
5,3310,2257,3682,5220,28473,14812
6,5631,1939,2037,5798,26044,15465
7,5132,2683,3344,6843,43476,18385
8,4123,2663,4896,8895,48156,20412
9,5173,2029,2025,6929,38738,16424
10,4665,1670,2430,7196,44150,16015
11,4399,1695,4659,5572,36804,16329
12,3619,2203,3862,6461,43006,16092
1,5353,1605,3784,8940,32950,19865
2,5335,3408,4329,6429,48901,19531
3,5999,2224,3850,6012,27902,18051
4,5535,1544,4879,7515,39993,19737
5,5024,3162,2131,5321,35155,15856
6,5844,2182,2475,7049,42048,17764
7,4795,2404,2230,5112,33390,14128
8,3492,3014,4478,5956,26292,17361
9,3660,3986,4639,7435,28768,19593
10,4717,3195,4461,8016,46449,19959
11,5174,3191,3902,6723,40663,18746
12,4679,3542,2269,8159,39871,18957
1,5318,1999,3204,6380,37094,16701
2,3502,3357,4262,7947,33315,19415
3,3274,1531,3288,5060,42830,13135
4,4969,1560,3369,8488,39944,18108
5,5667,1997,2496,7833,42409,18457
6,3674,2499,2271,5351,40095,14229
7,3825,2435,4523,6781,25338,17278
8,3915,2537,3478,6998,34040,17155
9,5910,3724,3881,5292,45959,18783
10,5635,3519,2800,6309,29316,18575
11,5654,1894,2534,7035,37819,16861
12,3849,2654,4239,8727,29037,19296
1,5203,3931,4667,5814,35484,19265
2,4507,1814,4630,7266,38108,18502
3,5883,2732,4356,7637,47142,20965
4,4678,2461,4130,7952,27173,19449
5,4044,3195,4010,8240,32476,19550
6,3493,1575,4019,8731,40427,17410
7,3817,3030,2791,6583,34063,16442
8,4246,1510,4240,5885,40369,16285
9,4676,2937,4545,6056,33594,17740
10,4613,2084,2711,5045,41900,14168
11,5099,2189,3290,8893,37421,18998
12,5922,1858,4009,7866,26250,19557
1,3499,3803,4340,5654,25692,17041
2,5155,2282,3424,5903,32322,16480
3,3122,2938,2815,8941,27636,18069
4,3308,3019,3667,5653,48082,15442
5,4356,3743,2495,5103,44249,15220
6,4750,3742,3813,7479,32803,19416
7,5038,2852,3582,8466,43405,19489
8,5760,1605,3289,6082,31018,16429
9,4729,2975,4881,8304,47334,20850
10,3504,3422,3126,7965,34781,17633
11,3259,1517,3188,8695,40686,16538
12,3460,1773,4579,7410,27468,16762
1,5844,3533,4489,8816,40108,22657
2,5931,3812,3868,7794,42063,21432
3,3525,3864,3471,6983,37747,18236
4,4207,2241,2727,5705,46147,14575
5,3378,3293,4405,7809,29483,19190
6,4610,2946,3099,6584,35733,17551
7,5512,3964,4382,5165,26035,19119
8,5571,2153,4971,7697,47361,20064
9,5981,2693,4440,6940,44531,20323
10,3858,2738,4192,8982,40290,20155
11,4750,2540,2984,5378,37229,15411
12,4836,3506,4363,6396,44028,18654
1,4490,2911,4023,7445,32520,19156
2,4145,1733,2477,5746,41167,13626
3,4207,3864,4455,6909,38317,19159
4,4913,1824,2334,6556,27213,15687
5,5068,3851,2730,5407,31145,16920
6,3371,3081,3949,5244,38724,15182
7,5990,2738,3144,6046,39249,17479
8,3194,2893,2127,6613,31717,14345
9,4554,3342,4880,7448,45142,20134
10,5999,2469,3156,7718,38003,18997
11,4169,2261,2534,5234,42542,14294
12,4744,3926,2101,8720,35015,19215
1,4520,3722,2781,8919,47241,19643
2,5655,3176,3226,5525,43052,17196
3,3774,3521,3723,7601,48295,18670
4,4163,2267,2003,7727,28596,16303
5,5154,3982,3449,6955,35284,19337
6,5047,2885,4601,8083,26255,20811
7,4533,1882,3026,6671,25148,15636
8,5566,2290,4565,5817,32683,17838
9,3604,3384,2807,8864,46895,18268
10,5540,1683,2286,7862,40759,17126
11,4487,2462,4471,8142,39351,19350
12,4424,2651,4736,7969,43083,19984
1,4031,1637,2017,8110,49864,15752
2,5312,2400,2529,7948,36329,18220
3,3096,2637,4731,8167,32596,18332
4,5684,1915,2922,8272,32793,18868
5,5145,1556,2578,6109,39164,15018
6,5728,2525,2766,6651,46673,18124
7,5501,1844,3001,6190,44609,16553
8,3423,2258,4430,6283,25796,16863
9,4657,2869,4464,8021,47160,19703
10,5322,3759,4762,8799,44962,22689
11,5774,3122,4596,7955,40770,21199
12,5960,3362,3262,8023,49823,20367
1,5613,3427,4037,6282,30544,19462
2,4400,3934,4288,7580,26118,20662
3,3513,2305,4863,7895,45259,18915
4,5222,2738,3392,8393,34410,19552
5,5195,1682,4609,7276,29399,18755
6,3262,3595,4452,7836,36852,19607
7,4752,3707,2571,5704,42767,16695
8,4529,2145,3199,7849,33142,18143
9,3215,1866,4116,6908,43306,16389
10,4526,2741,3679,5072,33896,16279
11,5731,3783,2769,8371,29025,20432
12,4038,1706,4038,6950,35764,16723
1,3582,2801,2711,6827,31973,16339
2,4864,2778,2671,6506,49951,16932
3,3633,1551,4899,7971,30587,18421
4,5781,3768,2344,8794,41236,20417
5,4519,3878,2625,8660,27105,19401
6,4167,3291,2483,5506,33617,15073
7,4049,2471,2400,8771,26477,17579
8,5639,3429,2162,7944,49046,19215
9,5751,3428,4317,5469,43475,19223
10,4906,2515,3600,7787,34027,18320
11,3499,3522,2609,8696,43840,18331
12,3205,3598,3970,5593,38262,16766
1,3965,2772,3930,5407,33785,15730
2,4223,3498,3022,7286,25730,18071
3,4354,1510,2893,8045,35573,16722
4,5186,3108,3630,7277,25588,18746
5,5262,3752,4528,5495,38342,18574
6,4437,1688,4967,5296,39153,15990
7,5569,3128,2245,6316,37337,17476
8,4066,2490,2349,8181,31653,17348
9,5457,2246,2206,8454,48418,18770
10,5587,3745,2442,5162,36271,17148
11,3785,3308,2366,5798,40999,15690
12,5054,3874,2481,5480,47339,16768
1,3586,3860,2370,5315,43771,15522
2,3290,3094,3915,5989,48249,16172
3,3639,1963,3381,7493,33236,16659
4,4725,3749,3944,5363,49028,17512
5,4833,1507,2822,7980,31056,17036
6,3271,3991,4176,6418,31984,18185
7,3745,2890,4624,7335,31610,18497
8,4200,2526,3427,6739,46903,16401
9,5923,3429,3229,6684,27105,19706
10,5786,2385,4670,8507,35231,21763
11,4192,3282,3756,5800,45669,16862
12,5856,3837,4325,5089,43045,19029
1,4477,2915,4360,8887,43010,20255
2,3147,2124,4911,8971,41661,19494
3,4345,2145,2195,6862,48374,15592
4,4232,3540,2159,8383,27125,17876
5,3079,2805,4774,8458,40417,18765
6,5195,1702,2914,8553,47293,18585
7,3485,2190,4992,7760,35510,18269
8,3918,3869,4477,6537,32634,18729
9,3739,1942,4360,8205,27661,17757
10,5921,1775,4744,8876,38326,21512
11,4838,1568,4537,8207,29747,19023
12,3582,3956,3489,5379,29730,16083
1,4532,2768,4280,7595,45679,18785
2,3919,3922,4907,6499,44006,19362
3,4965,3437,4609,8449,39500,21612
4,4683,1876,4196,8603,39965,19620
5,3686,1557,4695,5101,33822,15283
6,4802,3273,4895,8214,47040,21677
7,4302,3808,3493,6805,28580,18383
8,3007,3437,2313,5534,25882,13889
9,5927,3506,3907,7632,48004,21026
10,3289,1940,4654,8103,46937,18321
11,3909,2608,2904,7619,34095,16902
12,3570,1556,3706,6102,48879,14590
1,4682,3536,3237,5740,30412,17624
2,4645,1945,2931,5155,34274,14179
3,5360,2642,3562,8044,30971,19171
4,5282,3305,3873,7878,35647,20577
5,4044,1927,4573,6179,30650,16764
6,5989,3987,4017,7575,42161,21818
7,3704,3022,2553,7444,42089,16769
8,4735,2518,3118,6227,31442,16564
9,5099,2442,4225,8081,33717,19492
10,3805,1548,3044,7430,26285,15340
11,5589,3758,4618,8643,43927,22817
12,5762,1504,4989,5052,45111,17479
1,5686,2176,2793,5472,41598,15889
2,5238,3507,3038,5458,34329,17336
3,5420,3468,2845,6983,37982,18900
4,3345,1903,4900,5028,27484,15446
5,3319,3987,3757,8813,40870,19813
6,4871,3119,2857,5621,28194,16642
7,3586,2938,4111,6044,44166,17022
8,3554,3757,3543,5553,31109,16891
9,5583,3558,2001,6093,40249,17496
10,4097,1920,3487,6755,31673,16257
11,4842,2357,4674,7670,47100,19283
12,5387,2531,3550,6132,32121,17833
1,4276,3523,2137,6187,39217,16334
2,4999,2668,4952,8464,40755,21044
3,3085,1927,4340,5761,27839,15440
4,5727,2039,4533,7592,49595,20358
5,3514,2604,2589,5670,34570,14614
6,3571,1733,2976,7369,49091,15727
7,4068,2359,4724,5491,33925,17000
8,3938,2736,4114,8567,34560,19579
9,4943,1730,4747,5910,31673,17311
10,4437,3300,3847,7246,32045,18363
11,3050,2739,2382,5560,35162,13403
12,3808,2745,2246,7082,37582,15952
1,5518,2145,2948,6883,38278,17708
2,5367,2064,3347,7539,42044,18071
3,4332,2084,2253,6586,35692,14758
4,5539,2294,2892,8364,26365,19078
5,4930,3414,3156,5405,48048,17240
6,4100,3982,2062,8661,30535,18338
7,5586,3300,3626,7505,34795,19691
8,5422,3988,2494,7693,37731,19251
9,5896,2718,4572,5880,35430,19243
10,5019,1705,4707,6793,46511,18030
11,3577,3783,4464,8457,28167,20026
12,5380,1922,3762,8235,42293,18922
1,5047,3603,2633,5722,29153,17027
2,3592,3239,3783,8366,27351,18662
3,5657,2038,3335,6634,35914,17718
4,5281,3398,2977,7727,30075,19730
5,5454,3278,3902,7240,33010,20267
6,5289,2191,3196,8726,37182,19515
7,4157,3855,2260,5190,45875,15233
8,3452,3828,4390,6347,27683,18224
9,3103,2696,3868,6979,41626,17010
10,4552,1501,4130,6024,35883,16095
11,3852,1810,3925,6483,49485,16254
12,5574,2860,4532,5797,32699,18370
1,3450,2388,4187,5305,44542,15578
2,3115,3842,3556,8527,40367,18738
3,4747,3195,4095,7343,44767,19566
4,3925,2959,4147,6142,43167,16838
5,4626,3523,4171,5422,38877,17990
6,3206,2861,2435,6092,37391,14874
7,4838,3292,4804,8381,38930,21077
8,3155,1632,4827,5214,37052,15211
9,4089,2364,2972,8009,47207,17814
10,3221,1837,4566,7635,34247,17288
11,5731,3588,3164,5261,48274,17528
12,3656,3401,4849,7003,35346,18504
1,5362,1660,4836,6224,42230,18233
2,5905,3392,2238,5004,42660,16217
3,4161,2390,3802,5171,30513,15507
4,4846,1967,4751,5354,33541,16444
5,3554,3851,2209,6445,43688,15655
6,5089,3433,2748,8995,37740,20000
7,4326,3242,4653,6983,32200,19411
8,5562,1737,2717,5219,35887,14841
9,4687,3356,2173,7689,42638,18075
10,5557,3927,4636,5115,38439,19094
11,4773,1693,3429,5265,39187,15626
12,3730,3410,2429,5974,32801,15416
1,4053,2687,3511,6613,30328,16396
2,5805,3486,4190,7170,39885,20841
3,3949,1696,2302,5805,34882,13326
4,3100,2441,4850,7183,49579,17890
5,5828,2916,2018,8962,28910,19795
6,4079,3469,3043,7424,45806,18364
7,5577,3133,4692,6104,42272,19949
8,3243,3862,4142,8794,35540,19560
9,5531,2522,2638,8639,39124,19598
10,5000,2249,2000,5334,27559,14201
11,4767,2678,2828,7035,43665,17656
12,5957,2411,3209,6518,26401,18256
1,4570,1923,3611,7927,34371,17742
2,4731,1905,4985,5096,47430,16725
3,5707,1779,3831,6167,49538,17203
4,3251,3538,2078,7403,41808,16174
5,4892,3535,4644,8811,36516,21874
6,5973,3632,3721,8604,30858,21838
7,4769,3541,4450,5226,30164,18367
8,3261,1719,2927,6995,31637,15006
9,4126,2052,3547,7630,35065,17508
10,5315,3740,2672,8329,29911,20190
11,4818,3693,4848,6054,38786,19069
12,3616,2146,3855,7539,47066,17383
1,4998,2099,4817,7493,35767,18964
2,4202,3881,4335,6276,25513,18688
3,5555,1602,3911,5260,27429,16412
4,5999,1547,3508,6484,25802,17137
5,4314,1861,2830,5936,49188,15370
6,3891,3307,2521,5986,39190,15391
7,4221,3363,2460,6694,26530,17039
8,3678,1981,3825,8840,45970,18052
9,5086,3901,2565,7642,48110,19070
10,3081,2184,4898,5037,41939,14766
11,4102,2769,2889,8640,37105,18710
12,3642,2007,2124,8315,38975,15643
1,3158,3820,4743,5479,35362,17224
2,3657,3917,4760,7516,28423,19744
3,4947,2435,4110,6163,36136,17763
4,5857,1555,3440,8883,34761,19767
5,3588,2484,2889,5548,32555,14438
6,3872,2956,4696,5333,32662,17109
7,5937,3297,4159,6364,46223,19261
8,3628,1571,2928,8412,35072,16859
9,3075,3861,3502,6677,30183,17528
10,3433,1611,2925,6709,36232,14318
11,5764,1858,3463,5787,31966,16671
12,3948,3477,4567,6036,25385,17793
1,3471,3986,4327,7798,44374,19392
2,3585,3095,4031,5516,46100,15954
3,3401,2982,4352,5482,28223,15779
4,3978,1718,3574,5627,27757,15047
5,4455,2491,3221,5754,29303,15431
